"Group ID","Group Name"
4212,"Block 01"
4213,"Block 02"
4214,"Block 03"
4215,"Block 04"
4216,"Block 05"
4217,"Block 06"
4218,"Block 07"
4219,"Block 08"
4220,"Block 09"
4221,"Block 10"
4222,"Block 11"
4223,"Block 12"
4224,"Block 13"
4225,"Block 14"
4226,"Block 15"
4227,"Block 16"
4228,"Block 17"
4229,"Block 18"
4230,"Block 19"
4231,"Block 20"
4232,"Block 21"
4233,"Block 22"
4234,"Block 23"
4235,"Block 24"
4236,"Block 25"
4237,"Block 26"
4238,"Block 27"
4239,"Block 28"
4240,"Block 29"
4241,"Block 30"
4242,"Block 31"
4243,"Block 32"
4244,"Block 33"
4245,"Block 34"
4246,"Block 35"
4247,"Block 36"
4248,"Block 37"
4249,"Block 38"
