Access Level,Membership Type ID,Status,User Level,Username,Address,Admin Notes,Block,Board,Bookkeeping Account,Company Name,Covenants Volunteer,Email Address,Email Subscription,Expiration Date,First Name,Join Date,Last Name,Membership Number,New Resident,Password,Primary Phone,RBOS Volunteer,Rental,Show Profile,Primary User
MEMBER,36742,Active,2,maryeajenkins@outlook.com,120 Pauma Valley Drive^^Colo Springs^CO^80921^,,,,,,,maryeajenkins@outlook.com,Yes,,Mary,05/26/2009,Jenkins,,,,719-482-0703,Yes,,No,Vincent Jenkins
MEMBER,36742,Active,2,veautour@gmail.com,14015 Gleneagle Drive^^Colorado Springs^CO^80921^,,,,,,,veautour@gmail.com,Yes,,Sandy,04/29/2019,Veautour,,,,719-246-2214,,,No,John Veautour
MEMBER,36742,Active,2,ReneeHawkins,14030 Gleneagle Drive^^Colorado Springs^CO^80921^,,,,,,,,Yes,,Renee,02/27/2023,Hawkins,,,,,,,No,Sharon Newton
MEMBER,36742,Active,2,TiewHume,14080 Gleneagle Dr^^Colorado Springs^CO^80921^,,,,,,,,Yes,,Tiew,07/05/1991,Hume,,,,,,,No,Bill Hume
MEMBER^ADMINCOVENANTS,36742,Active,2,Mweiner485@gmail.com,140 Wuthering Heights Dr^^Colorado Springs^CO^80921^,,,,,,,mweiner485@gmail.com,Yes,,Michael,09/01/2009,Weiner,,,,719-287-1869,Yes,,No,Virginie Cedotal
MEMBER,36742,Active,2,BeverlyL.Sanchez,14150 Candlewood Court^^Colorado Springs^CO^80921^,,,,,,,,Yes,,Beverly L.,03/31/2017,Sanchez,,,,,,,No,Marvel L. Thomson
MEMBER,36742,Active,2,PeterKrupa,14172 Stone Eagle Place^^Colorado Springs^CO^80921^,the Summit at Gleneagle,,,,,No,,Yes,,Peter,03/08/2022,Krupa,,No,,262-960-9991,No,No,No,Dawn Krupa
MEMBER,36742,Active,2,LeahBufka,14175 Gleneagle Dr^^Colorado Springs^CO^80921^,leahlou622@gmail.com,,No,,,No,,Yes,,Leah,02/10/2020,Bufka,,No,,,No,No,No,Leah Bufka
MEMBER,36742,Active,2,NancyFinnessey,14270 Gleneagle Dr^^Colorado Springs^CO^80921^,,,,,,,,Yes,,Nancy,09/02/2003,Finnessey,,,,,,,No,Dennis Finnessey
MEMBER,36742,Active,2,RobinRSimpson,14320 Westchester Dr^^Colorado Springs^CO^80921^,,,,,,,,Yes,,Robin R,03/04/2016,Simpson,,,,,,,No,Tom L Simpson
MEMBER,36742,Active,2,JenniferMulzer,14331 Spyglass Hill Pl^^Colorado Springs^CO^80921^,,,,,,,,Yes,,Jennifer,08/30/2019,Mulzer,,,,,,,No,Jeffrey Mulzer
MEMBER,36742,Active,2,owenbyj@erau.edu,14395 Westchester Dr^^Colorado Springs^CO^80921^,,,,,,,owenbyj@erau.edu,Yes,,Jimmy,04/22/2019,Owenby,,No,,928-533-8467,Yes,,No,Lisa Owenby
MEMBER,36742,Active,2,rconder@architivity.com,14405 River Oaks Dr^^Colorado Springs^CO^80921^,,,,,,,rconder@architivity.com,Yes,,Jeanne,08/22/1996,Conder,,,,,,,No,Ron Conder
MEMBER,36742,Active,2,rjene007@gmail.com,14435 Gleneagle Dr^^Colorado Springs^CO^80921^,,,,,,,rjene007@gmail.com,Yes,,Syenny,05/24/2006,Jene,,,,,,,No,Bernard Jene
MEMBER,36742,Active,2,SusanDueber,14460 Bermuda Dunes Way^^Colorado Springs^CO^80921^,,,,,,,,Yes,,Susan,09/09/1996,Dueber,,,,,,,No,Dan Dueber
MEMBER,36742,Active,2,ValerieStewart,14505 Westchester Dr^^Colorado Springs^CO^80921^,,,,,,,,Yes,,Valerie,08/12/2019,Stewart,,,,,,,No,James Stewart
MEMBER,36742,Active,2,bfgritz@gmail.com,14525 Latrobe Dr^^Colorado Springs^CO^80921^,,,,,,,bfgritz@gmail.com,Yes,,Barb,11/03/1986,Gritzmaker,,,,,,,No,Duane Gritzmaker
MEMBER,36742,Active,2,MaryLowes,14545 Westchester Dr^^Colorado Springs^CO^80921^,,,,,,,,Yes,,Mary,02/15/2006,Lowes,,No,,,No,,No,William Lowes
MEMBER,36742,Active,2,WendyLester,14565 Bermuda Dunes Way^^Colorado Springs^CO^80921^,,,,,,,,Yes,,Wendy,07/01/1991,Lester,,,,,,,No,David Lester
MEMBER,36742,Active,2,JoanMiranda,14585 River Oaks Dr^^Colorado Springs^CO^80921^,,,,,,,,Yes,,Joan,02/13/1992,Miranda,,,,,,,No,Gene Miranda
MEMBER,36742,Active,2,EleanorJudd,14594 Westchester Dr^^Colorado Springs^CO^80921^,,,,,,,,Yes,,Eleanor,06/03/2002,Judd,,,,,,,No,Kenneth Judd
MEMBER,36742,Active,2,SharonFeldman,14595 River Oaks Dr^^Colorado Springs^CO^80921^,,,,,,,,Yes,,Sharon,04/28/1995,Feldman,,,,,,,No,Ken Feldman
MEMBER,36742,Active,2,JenniferBaker,145 Wuthering Heights Dr^^Colorado Springs^CO^80921^,,,,,,,,Yes,,Jennifer,12/01/2020,Baker,,,,,,,No,Richard Baker
MEMBER,36742,Active,2,BethMcDowell,14635 River Oaks Dr^^Colorado Springs^CO^80921^,,,,,,,,No,,Beth,09/19/2021,McDowell,,No,,,No,,No,Brandon McDowell
MEMBER,36742,Active,2,TylerBrashears,14640 River Oaks Dr^^Colorado Springs^CO^80921^,Julia.m.thomas67@gmail.com,,No,,,No,joseph.thomas47@yahoo.com,Yes,,Joseph & Julia,10/30/2020,Thomas,,No,,860-459-8114,No,Yes,No,Nicole Brashears
MEMBER,36742,Active,2,kentlmiller@aol.com,14797 Latrobe Court^^Colorado Springs^CO^80921^,,,,,,,kentlmiller@aol.com,Yes,,Robin,11/13/2001,Miller,,,,,,,No,Kent Miller
MEMBER,36742,Active,2,KathyHuxtable,15230 Renoir Place^^Colorado Springs^CO^80921^,,,,,,,,Yes,,Kathy,06/12/2015,Huxtable,,,,,,,No,Christopher C Huxtable
MEMBER,36742,Active,2,LisaRobinson,155 Palm Springs Dr^^Colorado Springs^CO^80921^,,,,,,,,Yes,,Lisa,07/22/2016,Robinson,,,,,,,No,Hans Robinson
MEMBER,36742,Active,2,KentRowe,160 Rangely Dr^^Colorado Springs^CO^80921^,,,,,,,,Yes,,Kent,05/20/2019,Rowe,,,,,,,No,Dawn M. Rowe
MEMBER,36742,Active,2,KaylaSweet,170 Huntington Beach Dr^^Colorado Springs^CO^80921^,,,,,,,mathewsweet1028@outlook.com,Yes,,Mathew,05/16/2019,Sweet,,,,,,,No,Kayla Sweet
MEMBER,36742,Active,2,TeresaSwecker,190 Desert Inn Way^^Colorado Springs^CO^80921^,,,,,,,,Yes,,Teresa,11/25/2019,Swecker,,,,,,,No,Daniel Swecker
MEMBER,36742,Active,2,cmkoeninger@basspro.com,205 Palm Springs Dr^^Colorado Springs^CO^80921^,,,,,,,cmkoeninger@basspro.com,Yes,,Mandy,06/28/2013,Koeninger,,,,,,,No,Christopher Koeninger
MEMBER,36742,Active,2,JamesAllen,210 Wuthering Heights Dr^^Colorado Springs^CO^80921^,,,,,,,,Yes,,James,02/28/2014,Allen,,,,,,,No,Janet Allen
MEMBER,36742,Active,2,WendySchichtle,215 Mission Hill Way^^Colorado Springs^CO^80921^,,,,,,,,Yes,,Wendy,08/12/1996,Schichtle,,,,,,,No,David Schichtle
RENTER,36742,Active,2,WillGriffith,230 Scottsdale Dr^^Colorado Springs^CO^80921^,,,,,,,,Yes,,Will,05/12/2004,Griffith,,,,719-481-8590,,,No,Ingrid Silva
MEMBER,36742,Active,2,KristopherOrr,230 Wuthering Heights Dr^^Colorado Springs^CO^80921^,,,,,,,,Yes,,Kristopher,06/17/2020,Orr,,,,,,,No,Cheri Orr
MEMBER,36742,Active,2,KathleenDrODonnell,260 Wuthering Heights Dr^^Colorado Springs^CO^80921^,,,No,,,No,annidawg@comcast.net,Yes,,Kathleen Dr,07/11/1997,O Donnell,,No,,719-201-4815,No,No,No,George Dr Mastroianni
MEMBER,36742,Active,2,Mark.Kujawa,265 Cherry Hills Way^^Colorado Springs^CO^80921^,,,,,,No,mskujawa@comcast.net,Yes,,Mark,11/05/2021,Kujawa,,Yes,,,No,No,No,Carol Kujawa
MEMBER,36742,Active,2,BobbieDaley,30 Desert Inn Way^^Colorado Springs^CO^80921^,,,,,,,,Yes,,Bobbie,12/26/2017,Daley,,,,,,,No,Jim Daley
MEMBER,36742,Active,2,patterson_pp@hotmail.com,30 Huntington Beach Dr^^Colorado Springs^CO^80921^,,,,,,,patterson_pp@hotmail.com,Yes,,Priscilla,07/22/2022,Patterson,,,,,,,No,Garrett Barton
MEMBER,36742,Active,2,GEKillian9@comcast.net,325 Rangely Dr^^Colorado Springs^CO^80921^,Karen Crawford handles the bills for her mother Marilyn Killian.,,,,,No,gekillian9@comcast.net,Yes,,Marilyn R.,07/10/2021,Killian,,No,,719-481-3008,No,No,No,Karen Crawford
MEMBER,36742,Active,2,PattyPowell,350 Cherry Hills Way^^Colorado Springs^CO^80921^,,,,,,,,Yes,,Patty,11/01/1989,Powell,,,,,,,No,Dave Powell
MEMBER,36742,Active,2,iamcthebee@gmail.com,351 Silver Rock Pl^^Colorado Springs^CO^80921^,,,,,,,iamcthebee@gmail.com,Yes,,Claudia,07/24/2020,Brown,,,,760-912-2780,No,,No,Al Christopher Brown
MEMBER,36742,Active,2,bluejmark22@jamimark.com,360 Doral Way^^Colorado Springs^CO^80921^,,,,,,,bluejmark22@jamimark.com,Yes,,Jami,03/20/2020,Mark,,,,,,,No,Travis Mark
MEMBER,36742,Active,2,SallyLewis,434 Torrey Pines Way^^Colorado Springs^CO^80921^,,,,,,,,Yes,,Sally,06/25/2010,Lewis,,,,,,,No,Robert Lewis
MEMBER,36742,Active,2,ebowen352@gmail.com,25953 E Parkview Place^^Aurora^CO^80018^,,,,,,,ebowen352@gmail.com,No,,Eric,08/27/1996,Bowen,,,,319-270-5898,No,,No,Hannelore Bowen
MEMBER,36742,Active,2,kellyac66@gmail.com,445 Picasso Court^^Colorado Springs^CO^80921^,,,,,,,kellyac66@gmail.com,Yes,,Kelly,01/04/2019,Acosta,,,,714-936-6538,No,,No,Josie Acosta
MEMBER,36742,Active,2,MeganMcIntosh,580 Wuthering Heights Dr^^Colorado Springs^CO^80921^,,,,,,,,Yes,,Megan,04/10/2014,McIntosh,,,,,,,No,Steven McIntosh
MEMBER,36742,Active,2,MelodyRhoda,65 Rangely Dr^^Colorado Springs^CO^80921^,,,,,,,,Yes,,Melody,11/08/2018,Rhoda,,,,,,,No,Jeff Rhoda
MEMBER,36742,Active,2,TeriBiedermann,80 Huntington Beach Dr^^Colorado Springs^CO^80921^,,,,,,,,Yes,,Teri,09/15/0992,Biedermann,,,,,,,No,Michael Biedermann
MEMBER,36742,Active,2,SophiaPorreco,855 Wuthering Heights Dr^^Colorado Springs^CO^80921^,,,,,,,,Yes,,Sophia,01/09/2003,Porreco,,,,,,,No,Dan Porreco
MEMBER,36742,Active,2,RobertCline,880 Wuthering Heights Dr^^Colorado Springs^CO^80921^,,,,,,,,Yes,,Robert,07/10/1996,Cline,,,,,,,No,Teresa Cline
MEMBER,36742,Active,2,DanielleSwiontek,965 Wuthering Heights Dr^^Colorado Springs^CO^80921^,,,,,,,,Yes,,Danielle,10/10/2012,Swiontek,,,,,,,No,Chris Swiontek
